[
{
  "model": "contenttypes.contenttype",
  "pk": 1,
  "fields": {
    "app_label": "admin",
    "model": "logentry"
  }
},
{
  "model": "contenttypes.contenttype",
  "pk": 2,
  "fields": {
    "app_label": "auth",
    "model": "group"
  }
},
{
  "model": "contenttypes.contenttype",
  "pk": 3,
  "fields": {
    "app_label": "auth",
    "model": "permission"
  }
},
{
  "model": "contenttypes.contenttype",
  "pk": 4,
  "fields": {
    "app_label": "contenttypes",
    "model": "contenttype"
  }
},
{
  "model": "contenttypes.contenttype",
  "pk": 5,
  "fields": {
    "app_label": "sessions",
    "model": "session"
  }
},
{
  "model": "contenttypes.contenttype",
  "pk": 6,
  "fields": {
    "app_label": "sites",
    "model": "site"
  }
},
{
  "model": "contenttypes.contenttype",
  "pk": 7,
  "fields": {
    "app_label": "django_celery_results",
    "model": "taskresult"
  }
},
{
  "model": "contenttypes.contenttype",
  "pk": 8,
  "fields": {
    "app_label": "business",
    "model": "user"
  }
},
{
  "model": "contenttypes.contenttype",
  "pk": 9,
  "fields": {
    "app_label": "business",
    "model": "loginlink"
  }
},
{
  "model": "contenttypes.contenttype",
  "pk": 10,
  "fields": {
    "app_label": "business",
    "model": "company"
  }
},
{
  "model": "contenttypes.contenttype",
  "pk": 11,
  "fields": {
    "app_label": "business",
    "model": "administrator"
  }
},
{
  "model": "contenttypes.contenttype",
  "pk": 12,
  "fields": {
    "app_label": "business",
    "model": "regularuser"
  }
},
{
  "model": "contenttypes.contenttype",
  "pk": 13,
  "fields": {
    "app_label": "business",
    "model": "hiringmanager"
  }
},
{
  "model": "contenttypes.contenttype",
  "pk": 14,
  "fields": {
    "app_label": "messaging",
    "model": "email"
  }
},
{
  "model": "contenttypes.contenttype",
  "pk": 15,
  "fields": {
    "app_label": "survey",
    "model": "survey"
  }
},
{
  "model": "contenttypes.contenttype",
  "pk": 16,
  "fields": {
    "app_label": "survey",
    "model": "surveyinvitation"
  }
},
{
  "model": "contenttypes.contenttype",
  "pk": 17,
  "fields": {
    "app_label": "survey",
    "model": "answer"
  }
},
{
  "model": "contenttypes.contenttype",
  "pk": 18,
  "fields": {
    "app_label": "survey",
    "model": "job"
  }
},
{
  "model": "contenttypes.contenttype",
  "pk": 19,
  "fields": {
    "app_label": "survey",
    "model": "question"
  }
},
{
  "model": "contenttypes.contenttype",
  "pk": 20,
  "fields": {
    "app_label": "survey",
    "model": "surveyresponse"
  }
},
{
  "model": "contenttypes.contenttype",
  "pk": 21,
  "fields": {
    "app_label": "survey",
    "model": "questiontemplate"
  }
},
{
  "model": "sites.site",
  "pk": 1,
  "fields": {
    "domain": "example.com",
    "name": "example.com"
  }
},
{
  "model": "business.company",
  "pk": 1,
  "fields": {
    "token": "company_99SxmrMvDOmSkGB7",
    "created_at": "2018-03-22T09:57:44.852Z",
    "updated_at": "2018-03-22T09:57:44.852Z",
    "disabled": false,
    "storytime": "",
    "metadata": null,
    "city": null,
    "state": null,
    "country": "AZ",
    "address1": "",
    "address2": "",
    "postal_code": null,
    "phone_number": "",
    "name": "Bank of america",
    "logo": ""
  }
},
{
  "model": "survey.survey",
  "pk": 1,
  "fields": {
    "token": "survey_c37Qv0jXDtW4NaI9",
    "created_at": "2018-03-22T10:00:44.993Z",
    "updated_at": "2018-03-22T10:00:44.993Z",
    "disabled": false,
    "storytime": "",
    "metadata": null,
    "job": 1,
    "expiration_time": 2147483647,
    "type": "exemplar",
    "version": 1
  }
},
{
  "model": "survey.survey",
  "pk": 2,
  "fields": {
    "token": "survey_2JdtF6pIk8EI6hRW",
    "created_at": "2018-03-22T10:01:04.188Z",
    "updated_at": "2018-03-22T10:01:04.188Z",
    "disabled": false,
    "storytime": "",
    "metadata": null,
    "job": 1,
    "expiration_time": 99999999,
    "type": "applicant",
    "version": 1
  }
},
{
  "model": "survey.survey",
  "pk": 3,
  "fields": {
    "token": "survey_mofqthCtgMWmI9Gy",
    "created_at": "2018-03-23T09:11:46.793Z",
    "updated_at": "2018-03-23T09:11:46.793Z",
    "disabled": false,
    "storytime": "",
    "metadata": null,
    "job": 1,
    "expiration_time": 604800,
    "type": "hiring_manager",
    "version": 1
  }
},
{
  "model": "survey.questiontemplate",
  "pk": 1,
  "fields": {
    "token": "question_tmpl_5pbEaNbvAv7qd3wm",
    "created_at": "2018-03-22T08:50:04.667Z",
    "updated_at": "2018-03-23T09:04:52.395Z",
    "disabled": true,
    "storytime": "",
    "metadata": null,
    "name": "i0071",
    "type": "multi_choice_single_select",
    "prompt": "Considering the potential risks vs. the potential rewards, how interested are you in starting your own company at some point?",
    "note": "",
    "data": {
      "items": [
        {
          "value": "Extremely interested",
          "key": "extremely"
        },
        {
          "value": "Very interested",
          "key": "very"
        },
        {
          "value": "Somewhat interested",
          "key": "somewhat"
        },
        {
          "value": "Not so interested",
          "key": "not_so"
        },
        {
          "value": "Not interested at all   ",
          "key": "not_atall"
        }
      ]
    }
  }
},
{
  "model": "survey.questiontemplate",
  "pk": 2,
  "fields": {
    "token": "question_tmpl_dwPJGHzyki3Ju67B",
    "created_at": "2018-03-22T08:55:08.238Z",
    "updated_at": "2018-03-23T09:04:52.408Z",
    "disabled": false,
    "storytime": "",
    "metadata": null,
    "name": "i0008",
    "type": "multi_choice_single_select",
    "prompt": "In a team meeting, a senior manager, who you do not know well, asks you to complete a project in a week. You know it will take longer than that. What are you more likely to do?",
    "note": "",
    "data": {
      "items": [
        {
          "value": "Agree to the schedule and get it done as best you can.",
          "key": "agree"
        },
        {
          "value": "Say it will take more time to be done properly",
          "key": "dont_agree"
        }
      ]
    }
  }
},
{
  "model": "survey.questiontemplate",
  "pk": 3,
  "fields": {
    "token": "question_tmpl_aa7sGUsodi3e2BNN",
    "created_at": "2018-03-22T09:00:52.976Z",
    "updated_at": "2018-03-23T09:04:52.420Z",
    "disabled": false,
    "storytime": "",
    "metadata": null,
    "name": "i0010",
    "type": "multi_choice_single_select",
    "prompt": "You realize that a project that you have been assigned should be expanded to address an additional topic. You have the time and autonomy to include it. What do you do?",
    "note": "",
    "data": {
      "items": [
        {
          "value": "Set the idea aside and stick with the assignment.   ",
          "key": "setaside"
        },
        {
          "value": "Suggest the topic to colleagues as an additional consideration, but not include it in the project.  ",
          "key": "suggest_notinclude"
        },
        {
          "value": "Tell your colleagues and supervisor that you intend to add the topic, explain why, and see what they say",
          "key": "add_explain"
        },
        {
          "value": "Add the topic to the project.",
          "key": "add"
        }
      ]
    }
  }
},
{
  "model": "survey.questiontemplate",
  "pk": 4,
  "fields": {
    "token": "question_tmpl_AQHyFL9PXVXDhRFT",
    "created_at": "2018-03-22T09:04:21.350Z",
    "updated_at": "2018-03-23T09:04:52.430Z",
    "disabled": false,
    "storytime": "",
    "metadata": null,
    "name": "i0014",
    "type": "multi_choice_single_select",
    "prompt": "If you were a manager, how would you distribute bonuses to your staff? Assume that all perform satisfactorily, some better than others.",
    "note": "",
    "data": {
      "items": [
        {
          "value": "Give everyone the same bonus.",
          "key": "same"
        },
        {
          "value": "Give everyone a bonus, with differing amounts based on their performance scores.",
          "key": "bonus_performance"
        },
        {
          "value": "Give no bonuses to some, so you can give higher bonuses to those with the best performance scores.",
          "key": "no_bonussome"
        }
      ]
    }
  }
},
{
  "model": "survey.questiontemplate",
  "pk": 5,
  "fields": {
    "token": "question_tmpl_ESE1HVuluntifKiT",
    "created_at": "2018-03-22T09:06:53.518Z",
    "updated_at": "2018-03-23T09:04:52.444Z",
    "disabled": false,
    "storytime": "",
    "metadata": null,
    "name": "i0016",
    "type": "multi_choice_single_select",
    "prompt": "Working with a group of colleagues, you propose an idea that you think could take your project to the next level. Group members do not see the value of your idea. What are you more likely to do?",
    "note": "",
    "data": {
      "items": [
        {
          "value": "Accept their judgment and set it aside.",
          "key": "set_aside"
        },
        {
          "value": "Offer details on your idea and ask them to reconsider.",
          "key": "reconsider"
        }
      ]
    }
  }
},
{
  "model": "survey.questiontemplate",
  "pk": 6,
  "fields": {
    "token": "question_tmpl_MPTHb6IxUQqWQ4BQ",
    "created_at": "2018-03-22T09:09:45.145Z",
    "updated_at": "2018-03-23T09:04:52.460Z",
    "disabled": false,
    "storytime": "",
    "metadata": null,
    "name": "i0023",
    "type": "multi_choice_single_select",
    "prompt": "You are assigned a task with a goal that runs counter to your personal beliefs, but that is legal and could help your organization.  In general, what are you more likely to do?",
    "note": "",
    "data": {
      "items": [
        {
          "value": "Accept and complete the assigned task.",
          "key": "accept"
        },
        {
          "value": "Decline the assigned task. Propose a different task to accomplish a goal you can support.",
          "key": "decline"
        }
      ]
    }
  }
},
{
  "model": "survey.questiontemplate",
  "pk": 7,
  "fields": {
    "token": "question_tmpl_HZYkyTrSZvJKTzQV",
    "created_at": "2018-03-22T09:17:19.351Z",
    "updated_at": "2018-03-23T09:04:52.470Z",
    "disabled": false,
    "storytime": "",
    "metadata": null,
    "name": "i0023a",
    "type": "multi_choice_single_select",
    "prompt": "Say you decline the task and are ordered to do it. What are you more likely to do?",
    "note": "",
    "data": {
      "items": [
        {
          "value": "Accept and complete the assigned task with your typical effort.",
          "key": "accept_typicaleffort"
        },
        {
          "value": "Accept and complete the assigned task with minimal effort.",
          "key": "accept_minimaleffort"
        },
        {
          "value": "Appeal to the human resources department.",
          "key": "appeal"
        },
        {
          "value": "Ask to be reassigned within the organization.",
          "key": "reassigned"
        },
        {
          "value": "Quit your job.",
          "key": "quit"
        }
      ]
    }
  }
},
{
  "model": "survey.questiontemplate",
  "pk": 8,
  "fields": {
    "token": "question_tmpl_2L6SLhhRVwULaPde",
    "created_at": "2018-03-22T09:22:18.722Z",
    "updated_at": "2018-03-23T09:04:52.482Z",
    "disabled": false,
    "storytime": "",
    "metadata": null,
    "name": "i0047",
    "type": "multi_choice_single_select",
    "prompt": "You are on a tight deadline to complete a report in a few hours.  A colleague asks for help with a separate report he/she also has due in a few hours.  The request is justified.  How do you respond?",
    "note": "",
    "data": {
      "items": [
        {
          "value": "Explain that you do not have time to help.",
          "key": "no_help"
        },
        {
          "value": "Offer to help after you finish your report, if they still need help at that time.",
          "key": "help_after"
        },
        {
          "value": "Provide a few minutes of help, then say you need to finish your report.",
          "key": "some_help"
        },
        {
          "value": "Provide whatever help is needed, then resume work on your report.",
          "key": "all_help"
        }
      ]
    }
  }
},
{
  "model": "survey.questiontemplate",
  "pk": 9,
  "fields": {
    "token": "question_tmpl_zGk5fVq5Svcn6mR2",
    "created_at": "2018-03-22T09:27:34.636Z",
    "updated_at": "2018-03-23T09:04:52.489Z",
    "disabled": false,
    "storytime": "",
    "metadata": null,
    "name": "i0072",
    "type": "multi_choice_single_select",
    "prompt": "Between the two options, which best describes how you view your \u201cto-do\u201d list?",
    "note": "",
    "data": {
      "items": [
        {
          "value": "You see your to-do list as a large single entity.",
          "key": "single_entity"
        },
        {
          "value": "You see your todo list as made of smaller daily to-do lists.",
          "key": "multiple_entity"
        }
      ]
    }
  }
},
{
  "model": "survey.questiontemplate",
  "pk": 10,
  "fields": {
    "token": "question_tmpl_IqgOk9DuOKBaDwwD",
    "created_at": "2018-03-22T09:30:25.888Z",
    "updated_at": "2018-03-23T09:04:52.584Z",
    "disabled": false,
    "storytime": "",
    "metadata": null,
    "name": "i0081",
    "type": "multi_choice_single_select",
    "prompt": "Say that to become an expert in your field, you have to work 60-hour weeks for many years. Is this\u2026",
    "note": "",
    "data": {
      "items": [
        {
          "value": "Definitely worth it",
          "key": "definetely_worth"
        },
        {
          "value": "Probably worth it",
          "key": "probably_worth"
        },
        {
          "value": "Probably not worth it",
          "key": "probably_not"
        },
        {
          "value": "Definitely not worth it",
          "key": "definetely_not"
        }
      ]
    }
  }
},
{
  "model": "survey.questiontemplate",
  "pk": 11,
  "fields": {
    "token": "question_tmpl_Ac8VFjHpEVNoIIlP",
    "created_at": "2018-03-22T09:34:41.387Z",
    "updated_at": "2018-03-23T09:04:52.600Z",
    "disabled": false,
    "storytime": "",
    "metadata": null,
    "name": "i0085",
    "type": "multi_choice_single_select",
    "prompt": "Do you prefer to spend time with people who challenge you to think differently, or who encourage you to think as you do?",
    "note": "",
    "data": {
      "items": [
        {
          "value": "Strongly prefer to spend time with people who encourage you to think as you do.",
          "key": "strongly_you"
        },
        {
          "value": "Somewhat prefer to spend time with people who encourage you to think as you do.",
          "key": "somewhat_you"
        },
        {
          "value": "Somewhat prefer to spend time with people who challenge you to think differently.",
          "key": "somewhat_different"
        },
        {
          "value": "Strongly prefer to spend time with people who challenge you to think differently.",
          "key": "strongly_different"
        }
      ]
    }
  }
},
{
  "model": "survey.questiontemplate",
  "pk": 12,
  "fields": {
    "token": "question_tmpl_Et2Mp6Du2CZzibvg",
    "created_at": "2018-03-22T09:37:28.253Z",
    "updated_at": "2018-03-23T09:04:52.613Z",
    "disabled": false,
    "storytime": "",
    "metadata": null,
    "name": "i0089",
    "type": "multi_choice_single_select",
    "prompt": "Which of these comes closer to your opinion?",
    "note": "",
    "data": {
      "items": [
        {
          "value": "Each person is responsible for their own success.",
          "key": "own_success"
        },
        {
          "value": "The success of each person is linked to the success of all people.",
          "key": "group_success"
        }
      ]
    }
  }
},
{
  "model": "survey.questiontemplate",
  "pk": 13,
  "fields": {
    "token": "question_tmpl_lbkAFfLVmJsI2xl4",
    "created_at": "2018-03-22T09:47:52.894Z",
    "updated_at": "2018-03-23T09:04:52.622Z",
    "disabled": false,
    "storytime": "",
    "metadata": null,
    "name": "i0095",
    "type": "multi_choice_single_select",
    "prompt": "Would you\u2026",
    "note": "",
    "data": {
      "items": [
        {
          "value": "Much prefer to attend a lecture on a subject you know a lot about.",
          "key": "much_knowabout"
        },
        {
          "value": "Somewhat prefer to attend a lecture on a subject you know a lot about.",
          "key": "somewhat_lotabout"
        },
        {
          "value": "Somewhat interested",
          "key": "somewhat"
        },
        {
          "value": "Somewhat prefer to attend a lecture on a subject you do not know much about.  ",
          "key": "somewhat_notknowabout"
        },
        {
          "value": "Much prefer to attend a lecture on a subject you do not know much about.",
          "key": "much_notknowabout"
        }
      ]
    }
  }
},
{
  "model": "survey.questiontemplate",
  "pk": 14,
  "fields": {
    "token": "question_tmpl_tQx43vKdDH1DihS6",
    "created_at": "2018-03-22T09:49:54.267Z",
    "updated_at": "2018-03-23T09:04:52.646Z",
    "disabled": false,
    "storytime": "",
    "metadata": null,
    "name": "i0119",
    "type": "multi_choice_single_select",
    "prompt": "Which of these is more important to you?",
    "note": "",
    "data": {
      "items": [
        {
          "value": "Maintaining tried-and-true ways of doing things.",
          "key": "tradition"
        },
        {
          "value": "Experimenting with new and different ways of doing things.",
          "key": "experiment"
        }
      ]
    }
  }
},
{
  "model": "survey.questiontemplate",
  "pk": 15,
  "fields": {
    "token": "question_tmpl_Qlq33AUe1qmFue3U",
    "created_at": "2018-03-22T09:52:03.493Z",
    "updated_at": "2018-03-23T09:04:52.656Z",
    "disabled": false,
    "storytime": "",
    "metadata": null,
    "name": "i0024",
    "type": "multi_choice_single_select",
    "prompt": "What type of clothes do you expect to wear at work?",
    "note": "",
    "data": {
      "items": [
        {
          "value": "Relaxed casual, e.g. sport pants and a sweatshirt",
          "key": "relaxed"
        },
        {
          "value": "Business casual, e.g. slacks and a nice shirt",
          "key": "casual"
        },
        {
          "value": "Formal business clothes, e.g. suits",
          "key": "formal"
        }
      ]
    }
  }
},
{
  "model": "survey.questiontemplate",
  "pk": 16,
  "fields": {
    "token": "question_tmpl_L0DNt5WmSxgdctB5",
    "created_at": "2018-03-22T09:59:45.109Z",
    "updated_at": "2018-03-23T09:04:52.665Z",
    "disabled": false,
    "storytime": "",
    "metadata": null,
    "name": "i0055",
    "type": "multi_choice_single_select",
    "prompt": "How do you prefer to work?",
    "note": "",
    "data": {
      "items": [
        {
          "value": "Much prefer to focus on one task at a time.",
          "key": "much_onetask"
        },
        {
          "value": "Somewhat prefer to focus on one task at a time.",
          "key": "somewhat_onetask"
        },
        {
          "value": "Somewhat prefer to handle multiple tasks at once.",
          "key": "somewhat_multipletask"
        },
        {
          "value": "Much prefer to handle multiple tasks at once.",
          "key": "much_multipletask"
        }
      ]
    }
  }
},
{
  "model": "survey.questiontemplate",
  "pk": 17,
  "fields": {
    "token": "question_tmpl_hme6rSnooPw8mEgi",
    "created_at": "2018-03-22T23:00:47.773Z",
    "updated_at": "2018-03-23T09:04:52.679Z",
    "disabled": false,
    "storytime": "",
    "metadata": null,
    "name": "i0196",
    "type": "multi_choice_single_select",
    "prompt": "Are you\u2026",
    "note": "",
    "data": {
      "items": [
        {
          "value": "Male",
          "key": "male"
        },
        {
          "value": "Female",
          "key": "female"
        },
        {
          "value": "Prefer not to answer.",
          "key": "noanswer"
        }
      ]
    }
  }
},
{
  "model": "survey.questiontemplate",
  "pk": 18,
  "fields": {
    "token": "question_tmpl_K9dkjMnAWffTvjYC",
    "created_at": "2018-03-22T23:15:28.376Z",
    "updated_at": "2018-03-23T09:04:52.693Z",
    "disabled": false,
    "storytime": "",
    "metadata": null,
    "name": "i0199",
    "type": "multi_choice_multi_select",
    "prompt": "Please select one or more of the choices that best describe your race and ethnicity.",
    "note": "",
    "data": {
      "items": [
        {
          "value": "White",
          "key": "white"
        },
        {
          "value": "Black/African American",
          "key": "black"
        },
        {
          "value": "Asian",
          "key": "asian"
        },
        {
          "value": "Native Hawaiian or Other Pacific Islander",
          "key": "hawaiian_pacific"
        },
        {
          "value": "American Indian or Alaska Native",
          "key": "americanindian_alaskanative"
        },
        {
          "value": "Hispanic or Latino",
          "key": "hispanic_latino"
        },
        {
          "value": "Other",
          "key": "other"
        },
        {
          "value": "Prefer not to answer.",
          "key": "nottoanswer"
        }
      ],
      "num_allowed": 7
    }
  }
},
{
  "model": "survey.questiontemplate",
  "pk": 19,
  "fields": {
    "token": "question_tmpl_AcNLf0YDYoFFCqMi",
    "created_at": "2018-03-22T23:18:44.339Z",
    "updated_at": "2018-03-23T09:04:52.705Z",
    "disabled": false,
    "storytime": "",
    "metadata": null,
    "name": "i0197",
    "type": "multi_choice_single_select",
    "prompt": "What is your age range?",
    "note": "",
    "data": {
      "items": [
        {
          "value": "18-27 years",
          "key": "age18_27"
        },
        {
          "value": "28-37",
          "key": "age28_37"
        },
        {
          "value": "38-47",
          "key": "age38_47"
        },
        {
          "value": "48-57",
          "key": "age48_57"
        },
        {
          "value": "58-67",
          "key": "age58_67"
        },
        {
          "value": "68-77",
          "key": "age68_77"
        },
        {
          "value": "78-87",
          "key": "age78_87"
        }
      ]
    }
  }
},
{
  "model": "survey.questiontemplate",
  "pk": 20,
  "fields": {
    "token": "question_tmpl_c4aXb3lbKM4uaYR2",
    "created_at": "2018-03-22T23:26:36.314Z",
    "updated_at": "2018-03-23T09:04:52.713Z",
    "disabled": false,
    "storytime": "",
    "metadata": null,
    "name": "i0013",
    "type": "rank_order_matrix",
    "prompt": "How important is each of these characteristics in being an effective communicator in conversation?",
    "note": "",
    "data": {
      "items": [
        {
          "value": "Speaking very slowly",
          "key": "speak"
        },
        {
          "value": "Strongly emphasizing your key points",
          "key": "key"
        },
        {
          "value": "Making eye contact with the person you are talking with",
          "key": "eye"
        },
        {
          "value": "Adjusting your conversational style based on who you are talking with",
          "key": "conversation"
        },
        {
          "value": "Being a good listener",
          "key": "listener"
        }
      ],
      "choices": [
        {
          "value": "Not at all important",
          "key": "not"
        },
        {
          "value": "Not so important",
          "key": "notso"
        },
        {
          "value": "Somewhat important",
          "key": "somewhat"
        },
        {
          "value": "Very important",
          "key": "very"
        },
        {
          "value": "Extremely important",
          "key": "extremely"
        }
      ]
    }
  }
},
{
  "model": "survey.questiontemplate",
  "pk": 21,
  "fields": {
    "token": "question_tmpl_7E2ni1E26NyOCD5H",
    "created_at": "2018-03-22T23:30:59.477Z",
    "updated_at": "2018-03-23T09:04:52.724Z",
    "disabled": false,
    "storytime": "",
    "metadata": null,
    "name": "i0020",
    "type": "rank_order_matrix",
    "prompt": "What are appropriate topics to discuss with your colleagues who are not necessarily your good friends? Please check all that apply.",
    "note": "",
    "data": {
      "items": [
        {
          "value": "The latest news headlines",
          "key": "news"
        },
        {
          "value": "Your favorite food",
          "key": "food"
        },
        {
          "value": "Your recent vacation",
          "key": "vacation"
        },
        {
          "value": "Struggles in your personal life",
          "key": "personallife"
        },
        {
          "value": "A co-worker you find annoying",
          "key": "backbiting"
        },
        {
          "value": "How much work you have",
          "key": "complain"
        }
      ],
      "choices": [
        {
          "value": "Not at all appropriate",
          "key": "not"
        },
        {
          "value": "Not so appropriate",
          "key": "notso"
        },
        {
          "value": "Somewhat appropriate",
          "key": "somewhat"
        },
        {
          "value": "Very appropriate",
          "key": "very"
        }
      ]
    }
  }
},
{
  "model": "survey.questiontemplate",
  "pk": 22,
  "fields": {
    "token": "question_tmpl_p5pT7sSk2V6FY6Gf",
    "created_at": "2018-03-22T23:37:18.789Z",
    "updated_at": "2018-03-23T09:04:52.736Z",
    "disabled": false,
    "storytime": "",
    "metadata": null,
    "name": "i0026",
    "type": "rank_order_matrix",
    "prompt": "How would you feel about frequently working\u2026",
    "note": "",
    "data": {
      "items": [
        {
          "value": "30 hours a week ",
          "key": "hours30"
        },
        {
          "value": "40 hours a week",
          "key": "hours40"
        },
        {
          "value": "50 hours a week",
          "key": "hours50"
        },
        {
          "value": "60 hours a week ",
          "key": "hours60"
        }
      ],
      "choices": [
        {
          "value": "Definitely not OK ",
          "key": "defnot"
        },
        {
          "value": "Probably not OK ",
          "key": "probnot"
        },
        {
          "value": "Probably OK ",
          "key": "probok"
        },
        {
          "value": "Definitely OK ",
          "key": "defok"
        }
      ]
    }
  }
},
{
  "model": "survey.questiontemplate",
  "pk": 23,
  "fields": {
    "token": "question_tmpl_tdghBeSitDowzEtJ",
    "created_at": "2018-03-22T23:39:49.111Z",
    "updated_at": "2018-03-23T09:04:52.748Z",
    "disabled": false,
    "storytime": "",
    "metadata": null,
    "name": "i0031",
    "type": "rank_order_matrix",
    "prompt": "How do you feel about overnight work travel?",
    "note": "",
    "data": {
      "items": [
        {
          "value": "Two or three times a month ",
          "key": "twothree_month"
        },
        {
          "value": "Once a month ",
          "key": "once_month"
        },
        {
          "value": "Once every two months",
          "key": "once_twomonths"
        },
        {
          "value": "Never",
          "key": "never"
        }
      ],
      "choices": [
        {
          "value": "Definitely not OK ",
          "key": "defnot"
        },
        {
          "value": "Probably not OK ",
          "key": "probnot"
        },
        {
          "value": "Probably OK ",
          "key": "probok"
        },
        {
          "value": "Definitely OK ",
          "key": "defok"
        }
      ]
    }
  }
},
{
  "model": "survey.questiontemplate",
  "pk": 24,
  "fields": {
    "token": "question_tmpl_TggmKPwPPkp5RHjm",
    "created_at": "2018-03-22T23:44:48.243Z",
    "updated_at": "2018-03-23T09:04:52.760Z",
    "disabled": false,
    "storytime": "",
    "metadata": null,
    "name": "i0045",
    "type": "rank_order_matrix",
    "prompt": "How important is each item in a successful career?",
    "note": "",
    "data": {
      "items": [
        {
          "value": "Being happy with your job",
          "key": "happy"
        },
        {
          "value": "Being well paid",
          "key": "paidwell"
        },
        {
          "value": "Learning many things",
          "key": "learnnew"
        },
        {
          "value": "Doing challenging work",
          "key": "challenging"
        },
        {
          "value": "Being friends with coworkers",
          "key": "friends"
        },
        {
          "value": "Being recognized as an expert",
          "key": "expert"
        },
        {
          "value": "Achieving a high-ranking position",
          "key": "highrank"
        },
        {
          "value": "Being useful to your organization ",
          "key": "useful_toorganization"
        },
        {
          "value": "Being useful to society",
          "key": "useful_tosociety"
        }
      ],
      "choices": [
        {
          "value": "Not at all important",
          "key": "not"
        },
        {
          "value": "Not so important",
          "key": "notso"
        },
        {
          "value": "Somewhat important",
          "key": "somewhat"
        },
        {
          "value": "Very important",
          "key": "very"
        },
        {
          "value": "Extremely important",
          "key": "extremely"
        }
      ]
    }
  }
},
{
  "model": "survey.questiontemplate",
  "pk": 25,
  "fields": {
    "token": "question_tmpl_YfO3BrQ6mJVp6APJ",
    "created_at": "2018-03-22T23:48:20.362Z",
    "updated_at": "2018-03-23T09:04:52.767Z",
    "disabled": false,
    "storytime": "",
    "metadata": null,
    "name": "i0194",
    "type": "rank_order_matrix",
    "prompt": "How important is each of these characteristics in being an effective communicator when giving a presentation?",
    "note": "",
    "data": {
      "items": [
        {
          "value": "Emphasizing key points",
          "key": "keypoints"
        },
        {
          "value": "Summarizing key takeaways",
          "key": "keytakeaways"
        },
        {
          "value": "Using humor",
          "key": "humor"
        },
        {
          "value": "Making eye contact with your audience",
          "key": "eye"
        },
        {
          "value": "Using well-designed presentation slides",
          "key": "slides"
        }
      ],
      "choices": [
        {
          "value": "Not at all important",
          "key": "not"
        },
        {
          "value": "Not so important",
          "key": "notso"
        },
        {
          "value": "Somewhat important",
          "key": "somewhat"
        },
        {
          "value": "Very important",
          "key": "very"
        },
        {
          "value": "Extremely important",
          "key": "extremely"
        }
      ]
    }
  }
},
{
  "model": "survey.questiontemplate",
  "pk": 26,
  "fields": {
    "token": "question_tmpl_vs2S5DB0mztOF3A0",
    "created_at": "2018-03-22T23:50:21.555Z",
    "updated_at": "2018-03-23T09:04:52.778Z",
    "disabled": false,
    "storytime": "",
    "metadata": null,
    "name": "i0015",
    "type": "open_ended_paragraph",
    "prompt": "In a few sentences, explain your personal interests that you would most want an employer to know.",
    "note": "",
    "data": {}
  }
},
{
  "model": "survey.questiontemplate",
  "pk": 27,
  "fields": {
    "token": "question_tmpl_parxDnY3hTEWCyFE",
    "created_at": "2018-03-22T23:50:47.743Z",
    "updated_at": "2018-03-23T09:04:52.794Z",
    "disabled": false,
    "storytime": "",
    "metadata": null,
    "name": "i0017",
    "type": "open_ended_paragraph",
    "prompt": "In a few sentences, explain one thing that you do to help teamwork run smoothly.",
    "note": "",
    "data": {}
  }
},
{
  "model": "survey.questiontemplate",
  "pk": 28,
  "fields": {
    "token": "question_tmpl_e0cxy7D4oANmAfN0",
    "created_at": "2018-03-22T23:51:10.296Z",
    "updated_at": "2018-03-23T09:04:52.806Z",
    "disabled": false,
    "storytime": "",
    "metadata": null,
    "name": "i0043",
    "type": "open_ended_paragraph",
    "prompt": "In a few sentences, explain what about your work style you would most want an employer to know.",
    "note": "",
    "data": {}
  }
},
{
  "model": "survey.questiontemplate",
  "pk": 29,
  "fields": {
    "token": "question_tmpl_T6VXuE1hNSfYctX3",
    "created_at": "2018-03-22T23:51:40.732Z",
    "updated_at": "2018-03-23T09:04:52.817Z",
    "disabled": false,
    "storytime": "",
    "metadata": null,
    "name": "i0102",
    "type": "open_ended_paragraph",
    "prompt": "In a few sentences, explain one personal strength on which people have complimented you.",
    "note": "",
    "data": {}
  }
},
{
  "model": "survey.question",
  "pk": 1,
  "fields": {
    "token": "question_N7OgKIvZNiyur1pB",
    "created_at": "2018-03-23T09:16:24.742Z",
    "updated_at": "2018-03-23T09:16:24.742Z",
    "disabled": false,
    "storytime": null,
    "metadata": null,
    "survey": 3,
    "segment": 1,
    "index": 0,
    "template": 2,
    "context": {}
  }
},
{
  "model": "survey.question",
  "pk": 2,
  "fields": {
    "token": "question_wGGlBR5abqWVYpJW",
    "created_at": "2018-03-23T09:16:24.748Z",
    "updated_at": "2018-03-23T09:16:24.748Z",
    "disabled": false,
    "storytime": null,
    "metadata": null,
    "survey": 3,
    "segment": 1,
    "index": 1,
    "template": 4,
    "context": {}
  }
},
{
  "model": "survey.question",
  "pk": 3,
  "fields": {
    "token": "question_SBfsEASLGGJQTaTA",
    "created_at": "2018-03-23T09:16:24.753Z",
    "updated_at": "2018-03-23T09:16:24.753Z",
    "disabled": false,
    "storytime": null,
    "metadata": null,
    "survey": 3,
    "segment": 1,
    "index": 2,
    "template": 5,
    "context": {}
  }
},
{
  "model": "survey.question",
  "pk": 4,
  "fields": {
    "token": "question_uplxhWIgiOGMCwdK",
    "created_at": "2018-03-23T09:16:24.758Z",
    "updated_at": "2018-03-23T09:16:24.758Z",
    "disabled": false,
    "storytime": null,
    "metadata": null,
    "survey": 3,
    "segment": 1,
    "index": 3,
    "template": 6,
    "context": {}
  }
},
{
  "model": "survey.question",
  "pk": 5,
  "fields": {
    "token": "question_WPXcJDQwleREKi7g",
    "created_at": "2018-03-23T09:16:24.762Z",
    "updated_at": "2018-03-23T09:16:24.762Z",
    "disabled": false,
    "storytime": null,
    "metadata": null,
    "survey": 3,
    "segment": 1,
    "index": 4,
    "template": 7,
    "context": {}
  }
},
{
  "model": "survey.question",
  "pk": 6,
  "fields": {
    "token": "question_HvQRUb9S7JBvNwM2",
    "created_at": "2018-03-23T09:16:24.766Z",
    "updated_at": "2018-03-23T09:16:24.766Z",
    "disabled": false,
    "storytime": null,
    "metadata": null,
    "survey": 3,
    "segment": 1,
    "index": 5,
    "template": 8,
    "context": {}
  }
},
{
  "model": "survey.question",
  "pk": 7,
  "fields": {
    "token": "question_g5RKnGx7vxS3yTfB",
    "created_at": "2018-03-23T09:16:24.770Z",
    "updated_at": "2018-03-23T09:16:24.770Z",
    "disabled": false,
    "storytime": null,
    "metadata": null,
    "survey": 3,
    "segment": 1,
    "index": 6,
    "template": 9,
    "context": {}
  }
},
{
  "model": "survey.question",
  "pk": 8,
  "fields": {
    "token": "question_PUVQ2umEV81tRtoF",
    "created_at": "2018-03-23T09:16:24.774Z",
    "updated_at": "2018-03-23T09:16:24.774Z",
    "disabled": false,
    "storytime": null,
    "metadata": null,
    "survey": 3,
    "segment": 1,
    "index": 7,
    "template": 10,
    "context": {}
  }
},
{
  "model": "survey.question",
  "pk": 9,
  "fields": {
    "token": "question_X1u39VTfL02wRQpA",
    "created_at": "2018-03-23T09:16:24.778Z",
    "updated_at": "2018-03-23T09:16:24.778Z",
    "disabled": false,
    "storytime": null,
    "metadata": null,
    "survey": 3,
    "segment": 1,
    "index": 8,
    "template": 11,
    "context": {}
  }
},
{
  "model": "survey.question",
  "pk": 10,
  "fields": {
    "token": "question_lSSYOv3zSNDA9x7f",
    "created_at": "2018-03-23T09:16:24.782Z",
    "updated_at": "2018-03-23T09:16:24.782Z",
    "disabled": false,
    "storytime": null,
    "metadata": null,
    "survey": 3,
    "segment": 1,
    "index": 9,
    "template": 12,
    "context": {}
  }
},
{
  "model": "survey.question",
  "pk": 11,
  "fields": {
    "token": "question_SdQYc1jYxh48Nurn",
    "created_at": "2018-03-23T09:16:24.786Z",
    "updated_at": "2018-03-23T09:16:24.786Z",
    "disabled": false,
    "storytime": null,
    "metadata": null,
    "survey": 3,
    "segment": 1,
    "index": 10,
    "template": 13,
    "context": {}
  }
},
{
  "model": "survey.question",
  "pk": 12,
  "fields": {
    "token": "question_H7bqbWKYT8Rkv0zE",
    "created_at": "2018-03-23T09:16:24.790Z",
    "updated_at": "2018-03-23T09:16:24.790Z",
    "disabled": false,
    "storytime": null,
    "metadata": null,
    "survey": 3,
    "segment": 1,
    "index": 11,
    "template": 14,
    "context": {}
  }
},
{
  "model": "survey.question",
  "pk": 13,
  "fields": {
    "token": "question_jSHu1N8uzVjK80hm",
    "created_at": "2018-03-23T09:16:24.794Z",
    "updated_at": "2018-03-23T09:16:24.794Z",
    "disabled": false,
    "storytime": null,
    "metadata": null,
    "survey": 3,
    "segment": 1,
    "index": 12,
    "template": 15,
    "context": {}
  }
},
{
  "model": "survey.question",
  "pk": 14,
  "fields": {
    "token": "question_rektWJarpWZVp37T",
    "created_at": "2018-03-23T09:16:24.797Z",
    "updated_at": "2018-03-23T09:16:24.797Z",
    "disabled": false,
    "storytime": null,
    "metadata": null,
    "survey": 3,
    "segment": 1,
    "index": 13,
    "template": 16,
    "context": {}
  }
},
{
  "model": "survey.question",
  "pk": 15,
  "fields": {
    "token": "question_Whn8U7hGlqYRvvRz",
    "created_at": "2018-03-23T09:16:24.802Z",
    "updated_at": "2018-03-23T09:16:24.802Z",
    "disabled": false,
    "storytime": null,
    "metadata": null,
    "survey": 3,
    "segment": 1,
    "index": 14,
    "template": 17,
    "context": {}
  }
},
{
  "model": "survey.question",
  "pk": 16,
  "fields": {
    "token": "question_9SHGNh2saC9C6Nwf",
    "created_at": "2018-03-23T09:16:24.809Z",
    "updated_at": "2018-03-23T09:16:24.809Z",
    "disabled": false,
    "storytime": null,
    "metadata": null,
    "survey": 3,
    "segment": 1,
    "index": 15,
    "template": 19,
    "context": {}
  }
},
{
  "model": "survey.question",
  "pk": 17,
  "fields": {
    "token": "question_XW0ncIncHPKrYaEz",
    "created_at": "2018-03-23T09:16:24.816Z",
    "updated_at": "2018-03-23T09:16:24.816Z",
    "disabled": false,
    "storytime": null,
    "metadata": null,
    "survey": 3,
    "segment": 1,
    "index": 16,
    "template": 20,
    "context": {}
  }
},
{
  "model": "survey.question",
  "pk": 18,
  "fields": {
    "token": "question_OyOfwzHMyMukPSZz",
    "created_at": "2018-03-23T09:16:24.820Z",
    "updated_at": "2018-03-23T09:16:24.820Z",
    "disabled": false,
    "storytime": null,
    "metadata": null,
    "survey": 3,
    "segment": 1,
    "index": 17,
    "template": 21,
    "context": {}
  }
},
{
  "model": "survey.question",
  "pk": 19,
  "fields": {
    "token": "question_OZq5xUz9muJeXac4",
    "created_at": "2018-03-23T09:16:24.824Z",
    "updated_at": "2018-03-23T09:16:24.824Z",
    "disabled": false,
    "storytime": null,
    "metadata": null,
    "survey": 3,
    "segment": 1,
    "index": 18,
    "template": 22,
    "context": {}
  }
},
{
  "model": "survey.question",
  "pk": 20,
  "fields": {
    "token": "question_eq9Vv6KB5yL6Cdv7",
    "created_at": "2018-03-23T09:16:24.830Z",
    "updated_at": "2018-03-23T09:16:24.830Z",
    "disabled": false,
    "storytime": null,
    "metadata": null,
    "survey": 3,
    "segment": 1,
    "index": 19,
    "template": 23,
    "context": {}
  }
},
{
  "model": "survey.question",
  "pk": 21,
  "fields": {
    "token": "question_hVOtRw86aMHnTNIl",
    "created_at": "2018-03-23T09:16:24.834Z",
    "updated_at": "2018-03-23T09:16:24.834Z",
    "disabled": false,
    "storytime": null,
    "metadata": null,
    "survey": 3,
    "segment": 1,
    "index": 20,
    "template": 24,
    "context": {}
  }
},
{
  "model": "survey.question",
  "pk": 22,
  "fields": {
    "token": "question_2zmfiKZxoNkcaupF",
    "created_at": "2018-03-23T09:16:24.839Z",
    "updated_at": "2018-03-23T09:16:24.839Z",
    "disabled": false,
    "storytime": null,
    "metadata": null,
    "survey": 3,
    "segment": 1,
    "index": 21,
    "template": 1,
    "context": {}
  }
},
{
  "model": "survey.question",
  "pk": 23,
  "fields": {
    "token": "question_AKF8KPyocDcHKQvM",
    "created_at": "2018-03-23T09:16:24.843Z",
    "updated_at": "2018-03-23T09:16:24.843Z",
    "disabled": false,
    "storytime": null,
    "metadata": null,
    "survey": 3,
    "segment": 1,
    "index": 22,
    "template": 3,
    "context": {}
  }
},
{
  "model": "survey.question",
  "pk": 24,
  "fields": {
    "token": "question_JQ4NNK5nZPR0qANg",
    "created_at": "2018-03-23T09:16:24.848Z",
    "updated_at": "2018-03-23T09:16:24.848Z",
    "disabled": false,
    "storytime": null,
    "metadata": null,
    "survey": 3,
    "segment": 1,
    "index": 23,
    "template": 18,
    "context": {}
  }
},
{
  "model": "survey.question",
  "pk": 25,
  "fields": {
    "token": "question_tFxlLSyN2DAPj14F",
    "created_at": "2018-03-23T09:16:24.853Z",
    "updated_at": "2018-03-23T09:16:24.853Z",
    "disabled": false,
    "storytime": null,
    "metadata": null,
    "survey": 3,
    "segment": 1,
    "index": 24,
    "template": 25,
    "context": {}
  }
},
{
  "model": "survey.question",
  "pk": 26,
  "fields": {
    "token": "question_qMrmbPZoo5qobDRI",
    "created_at": "2018-03-23T09:16:24.858Z",
    "updated_at": "2018-03-23T09:16:24.858Z",
    "disabled": false,
    "storytime": null,
    "metadata": null,
    "survey": 3,
    "segment": 1,
    "index": 25,
    "template": 26,
    "context": {}
  }
},
{
  "model": "survey.question",
  "pk": 27,
  "fields": {
    "token": "question_vPMNe3vPTm19nyem",
    "created_at": "2018-03-23T09:16:24.862Z",
    "updated_at": "2018-03-23T09:16:24.862Z",
    "disabled": false,
    "storytime": null,
    "metadata": null,
    "survey": 3,
    "segment": 1,
    "index": 26,
    "template": 27,
    "context": {}
  }
},
{
  "model": "survey.question",
  "pk": 28,
  "fields": {
    "token": "question_KenJrjiDIaNOnqX3",
    "created_at": "2018-03-23T09:16:24.866Z",
    "updated_at": "2018-03-23T09:16:24.866Z",
    "disabled": false,
    "storytime": null,
    "metadata": null,
    "survey": 3,
    "segment": 1,
    "index": 27,
    "template": 28,
    "context": {}
  }
},
{
  "model": "survey.question",
  "pk": 29,
  "fields": {
    "token": "question_FMLTlbhjeS5MinNf",
    "created_at": "2018-03-23T09:16:24.871Z",
    "updated_at": "2018-03-23T09:16:24.871Z",
    "disabled": false,
    "storytime": null,
    "metadata": null,
    "survey": 3,
    "segment": 1,
    "index": 28,
    "template": 29,
    "context": {}
  }
},
{
  "model": "auth.permission",
  "pk": 1,
  "fields": {
    "name": "Can add log entry",
    "content_type": 1,
    "codename": "add_logentry"
  }
},
{
  "model": "auth.permission",
  "pk": 2,
  "fields": {
    "name": "Can change log entry",
    "content_type": 1,
    "codename": "change_logentry"
  }
},
{
  "model": "auth.permission",
  "pk": 3,
  "fields": {
    "name": "Can delete log entry",
    "content_type": 1,
    "codename": "delete_logentry"
  }
},
{
  "model": "auth.permission",
  "pk": 4,
  "fields": {
    "name": "Can add group",
    "content_type": 2,
    "codename": "add_group"
  }
},
{
  "model": "auth.permission",
  "pk": 5,
  "fields": {
    "name": "Can change group",
    "content_type": 2,
    "codename": "change_group"
  }
},
{
  "model": "auth.permission",
  "pk": 6,
  "fields": {
    "name": "Can delete group",
    "content_type": 2,
    "codename": "delete_group"
  }
},
{
  "model": "auth.permission",
  "pk": 7,
  "fields": {
    "name": "Can add permission",
    "content_type": 3,
    "codename": "add_permission"
  }
},
{
  "model": "auth.permission",
  "pk": 8,
  "fields": {
    "name": "Can change permission",
    "content_type": 3,
    "codename": "change_permission"
  }
},
{
  "model": "auth.permission",
  "pk": 9,
  "fields": {
    "name": "Can delete permission",
    "content_type": 3,
    "codename": "delete_permission"
  }
},
{
  "model": "auth.permission",
  "pk": 10,
  "fields": {
    "name": "Can add content type",
    "content_type": 4,
    "codename": "add_contenttype"
  }
},
{
  "model": "auth.permission",
  "pk": 11,
  "fields": {
    "name": "Can change content type",
    "content_type": 4,
    "codename": "change_contenttype"
  }
},
{
  "model": "auth.permission",
  "pk": 12,
  "fields": {
    "name": "Can delete content type",
    "content_type": 4,
    "codename": "delete_contenttype"
  }
},
{
  "model": "auth.permission",
  "pk": 13,
  "fields": {
    "name": "Can add session",
    "content_type": 5,
    "codename": "add_session"
  }
},
{
  "model": "auth.permission",
  "pk": 14,
  "fields": {
    "name": "Can change session",
    "content_type": 5,
    "codename": "change_session"
  }
},
{
  "model": "auth.permission",
  "pk": 15,
  "fields": {
    "name": "Can delete session",
    "content_type": 5,
    "codename": "delete_session"
  }
},
{
  "model": "auth.permission",
  "pk": 16,
  "fields": {
    "name": "Can add site",
    "content_type": 6,
    "codename": "add_site"
  }
},
{
  "model": "auth.permission",
  "pk": 17,
  "fields": {
    "name": "Can change site",
    "content_type": 6,
    "codename": "change_site"
  }
},
{
  "model": "auth.permission",
  "pk": 18,
  "fields": {
    "name": "Can delete site",
    "content_type": 6,
    "codename": "delete_site"
  }
},
{
  "model": "auth.permission",
  "pk": 19,
  "fields": {
    "name": "Can add task result",
    "content_type": 7,
    "codename": "add_taskresult"
  }
},
{
  "model": "auth.permission",
  "pk": 20,
  "fields": {
    "name": "Can change task result",
    "content_type": 7,
    "codename": "change_taskresult"
  }
},
{
  "model": "auth.permission",
  "pk": 21,
  "fields": {
    "name": "Can delete task result",
    "content_type": 7,
    "codename": "delete_taskresult"
  }
},
{
  "model": "auth.permission",
  "pk": 22,
  "fields": {
    "name": "Can add user",
    "content_type": 8,
    "codename": "add_user"
  }
},
{
  "model": "auth.permission",
  "pk": 23,
  "fields": {
    "name": "Can change user",
    "content_type": 8,
    "codename": "change_user"
  }
},
{
  "model": "auth.permission",
  "pk": 24,
  "fields": {
    "name": "Can delete user",
    "content_type": 8,
    "codename": "delete_user"
  }
},
{
  "model": "auth.permission",
  "pk": 25,
  "fields": {
    "name": "Can add Hiring Manager",
    "content_type": 8,
    "codename": "add_hiringmanager"
  }
},
{
  "model": "auth.permission",
  "pk": 26,
  "fields": {
    "name": "Can change Hiring Manager",
    "content_type": 8,
    "codename": "change_hiringmanager"
  }
},
{
  "model": "auth.permission",
  "pk": 27,
  "fields": {
    "name": "Can delete Hiring Manager",
    "content_type": 8,
    "codename": "delete_hiringmanager"
  }
},
{
  "model": "auth.permission",
  "pk": 28,
  "fields": {
    "name": "Can add Login Link",
    "content_type": 9,
    "codename": "add_loginlink"
  }
},
{
  "model": "auth.permission",
  "pk": 29,
  "fields": {
    "name": "Can change Login Link",
    "content_type": 9,
    "codename": "change_loginlink"
  }
},
{
  "model": "auth.permission",
  "pk": 30,
  "fields": {
    "name": "Can delete Login Link",
    "content_type": 9,
    "codename": "delete_loginlink"
  }
},
{
  "model": "auth.permission",
  "pk": 31,
  "fields": {
    "name": "Can add Company",
    "content_type": 10,
    "codename": "add_company"
  }
},
{
  "model": "auth.permission",
  "pk": 32,
  "fields": {
    "name": "Can change Company",
    "content_type": 10,
    "codename": "change_company"
  }
},
{
  "model": "auth.permission",
  "pk": 33,
  "fields": {
    "name": "Can delete Company",
    "content_type": 10,
    "codename": "delete_company"
  }
},
{
  "model": "auth.permission",
  "pk": 34,
  "fields": {
    "name": "Can add administrator",
    "content_type": 8,
    "codename": "add_administrator"
  }
},
{
  "model": "auth.permission",
  "pk": 35,
  "fields": {
    "name": "Can change administrator",
    "content_type": 8,
    "codename": "change_administrator"
  }
},
{
  "model": "auth.permission",
  "pk": 36,
  "fields": {
    "name": "Can delete administrator",
    "content_type": 8,
    "codename": "delete_administrator"
  }
},
{
  "model": "auth.permission",
  "pk": 37,
  "fields": {
    "name": "Can add regular user",
    "content_type": 8,
    "codename": "add_regularuser"
  }
},
{
  "model": "auth.permission",
  "pk": 38,
  "fields": {
    "name": "Can change regular user",
    "content_type": 8,
    "codename": "change_regularuser"
  }
},
{
  "model": "auth.permission",
  "pk": 39,
  "fields": {
    "name": "Can delete regular user",
    "content_type": 8,
    "codename": "delete_regularuser"
  }
},
{
  "model": "auth.permission",
  "pk": 40,
  "fields": {
    "name": "Can add email",
    "content_type": 14,
    "codename": "add_email"
  }
},
{
  "model": "auth.permission",
  "pk": 41,
  "fields": {
    "name": "Can change email",
    "content_type": 14,
    "codename": "change_email"
  }
},
{
  "model": "auth.permission",
  "pk": 42,
  "fields": {
    "name": "Can delete email",
    "content_type": 14,
    "codename": "delete_email"
  }
},
{
  "model": "auth.permission",
  "pk": 43,
  "fields": {
    "name": "Can add survey",
    "content_type": 15,
    "codename": "add_survey"
  }
},
{
  "model": "auth.permission",
  "pk": 44,
  "fields": {
    "name": "Can change survey",
    "content_type": 15,
    "codename": "change_survey"
  }
},
{
  "model": "auth.permission",
  "pk": 45,
  "fields": {
    "name": "Can delete survey",
    "content_type": 15,
    "codename": "delete_survey"
  }
},
{
  "model": "auth.permission",
  "pk": 46,
  "fields": {
    "name": "Can add Survey Invitation",
    "content_type": 16,
    "codename": "add_surveyinvitation"
  }
},
{
  "model": "auth.permission",
  "pk": 47,
  "fields": {
    "name": "Can change Survey Invitation",
    "content_type": 16,
    "codename": "change_surveyinvitation"
  }
},
{
  "model": "auth.permission",
  "pk": 48,
  "fields": {
    "name": "Can delete Survey Invitation",
    "content_type": 16,
    "codename": "delete_surveyinvitation"
  }
},
{
  "model": "auth.permission",
  "pk": 49,
  "fields": {
    "name": "Can add answer",
    "content_type": 17,
    "codename": "add_answer"
  }
},
{
  "model": "auth.permission",
  "pk": 50,
  "fields": {
    "name": "Can change answer",
    "content_type": 17,
    "codename": "change_answer"
  }
},
{
  "model": "auth.permission",
  "pk": 51,
  "fields": {
    "name": "Can delete answer",
    "content_type": 17,
    "codename": "delete_answer"
  }
},
{
  "model": "auth.permission",
  "pk": 52,
  "fields": {
    "name": "Can add job",
    "content_type": 18,
    "codename": "add_job"
  }
},
{
  "model": "auth.permission",
  "pk": 53,
  "fields": {
    "name": "Can change job",
    "content_type": 18,
    "codename": "change_job"
  }
},
{
  "model": "auth.permission",
  "pk": 54,
  "fields": {
    "name": "Can delete job",
    "content_type": 18,
    "codename": "delete_job"
  }
},
{
  "model": "auth.permission",
  "pk": 55,
  "fields": {
    "name": "Can add question",
    "content_type": 19,
    "codename": "add_question"
  }
},
{
  "model": "auth.permission",
  "pk": 56,
  "fields": {
    "name": "Can change question",
    "content_type": 19,
    "codename": "change_question"
  }
},
{
  "model": "auth.permission",
  "pk": 57,
  "fields": {
    "name": "Can delete question",
    "content_type": 19,
    "codename": "delete_question"
  }
},
{
  "model": "auth.permission",
  "pk": 58,
  "fields": {
    "name": "Can add Survey Response",
    "content_type": 20,
    "codename": "add_surveyresponse"
  }
},
{
  "model": "auth.permission",
  "pk": 59,
  "fields": {
    "name": "Can change Survey Response",
    "content_type": 20,
    "codename": "change_surveyresponse"
  }
},
{
  "model": "auth.permission",
  "pk": 60,
  "fields": {
    "name": "Can delete Survey Response",
    "content_type": 20,
    "codename": "delete_surveyresponse"
  }
},
{
  "model": "auth.permission",
  "pk": 61,
  "fields": {
    "name": "Can add Question Template",
    "content_type": 21,
    "codename": "add_questiontemplate"
  }
},
{
  "model": "auth.permission",
  "pk": 62,
  "fields": {
    "name": "Can change Question Template",
    "content_type": 21,
    "codename": "change_questiontemplate"
  }
},
{
  "model": "auth.permission",
  "pk": 63,
  "fields": {
    "name": "Can delete Question Template",
    "content_type": 21,
    "codename": "delete_questiontemplate"
  }
},
{
  "model": "business.user",
  "pk": 1,
  "fields": {
    "password": "pbkdf2_sha256$36000$DY5s4N5Ezv2T$ijVLgjqYhLf1UBPP7KnFLDexh6HBbLgxPuzmVrAUH9E=",
    "last_login": "2018-03-23T09:31:09.385Z",
    "is_superuser": true,
    "is_staff": true,
    "is_active": true,
    "date_joined": "2018-03-22T07:24:13.606Z",
    "token": "user_58Dejs0QFu8Fb3hN",
    "created_at": "2018-03-22T07:24:13.671Z",
    "updated_at": "2018-03-23T09:01:49.056Z",
    "disabled": false,
    "storytime": null,
    "metadata": null,
    "city": null,
    "state": null,
    "country": "",
    "address1": null,
    "address2": null,
    "postal_code": null,
    "phone_number": null,
    "type": "administrator",
    "username": "usmanm",
    "email": "usmanm@fastmail.fm",
    "company": null,
    "first_name": null,
    "last_name": null,
    "login_link": null,
    "groups": [],
    "user_permissions": []
  }
},
{
  "model": "business.user",
  "pk": 2,
  "fields": {
    "password": "pbkdf2_sha256$36000$dtIG2pjXjOh2$JIleboLIrzrYjh8zHJ9BtiL6JiKaicUSpZH6d7b1yco=",
    "last_login": "2018-03-23T09:21:27.724Z",
    "is_superuser": false,
    "is_staff": false,
    "is_active": true,
    "date_joined": "2018-03-22T07:24:50.090Z",
    "token": "hm_PFaMedxsmZIlbiPH",
    "created_at": "2018-03-22T07:24:50.136Z",
    "updated_at": "2018-03-23T09:21:27.711Z",
    "disabled": false,
    "storytime": null,
    "metadata": null,
    "city": null,
    "state": null,
    "country": "",
    "address1": null,
    "address2": null,
    "postal_code": null,
    "phone_number": null,
    "type": "hiring_manager",
    "username": "IWm86a00MhGP",
    "email": "omar@ngineered.nyc",
    "company": null,
    "first_name": "Omar",
    "last_name": "Kiyani",
    "login_link": 1,
    "groups": [],
    "user_permissions": []
  }
},
{
  "model": "business.user",
  "pk": 6,
  "fields": {
    "password": "pbkdf2_sha256$36000$3crqaXfuusU6$IytemnXIXgAHs7knIUwbVQw7/dazRi4+3ryplk52rrc=",
    "last_login": null,
    "is_superuser": true,
    "is_staff": true,
    "is_active": true,
    "date_joined": "2018-03-23T15:35:06Z",
    "token": "user_r4IZLmhhDkx6KWCl",
    "created_at": "2018-03-23T15:35:06.111Z",
    "updated_at": "2018-03-23T15:35:25.257Z",
    "disabled": false,
    "storytime": null,
    "metadata": null,
    "city": null,
    "state": null,
    "country": "",
    "address1": null,
    "address2": null,
    "postal_code": null,
    "phone_number": null,
    "type": "administrator",
    "username": "r4IZLmhhDkx6KWCl",
    "email": "admin@frontier.com",
    "company": null,
    "first_name": null,
    "last_name": null,
    "login_link": 8,
    "groups": [],
    "user_permissions": []
  }
},
{
  "model": "business.loginlink",
  "pk": 1,
  "fields": {
    "token": "login_HGmBS8Rnn2LdCZVh",
    "created_at": "2018-03-22T07:24:50.139Z",
    "updated_at": "2018-03-22T10:11:46.633Z",
    "disabled": false,
    "storytime": null,
    "metadata": null,
    "user": 2,
    "survey_response": null,
    "password": "ZG4x8bBNKnSL",
    "last_login": "2018-03-22T10:11:46.633Z",
    "num_logins": 10
  }
},
{
  "model": "business.loginlink",
  "pk": 6,
  "fields": {
    "token": "login_lc8aJYLg422ZK5R3",
    "created_at": "2018-03-23T09:19:18.797Z",
    "updated_at": "2018-03-23T09:21:27.716Z",
    "disabled": false,
    "storytime": "",
    "metadata": null,
    "user": 2,
    "survey_response": 3,
    "password": "bDqwCldeL0CF",
    "last_login": "2018-03-23T09:21:27.716Z",
    "num_logins": 1
  }
},
{
  "model": "business.loginlink",
  "pk": 8,
  "fields": {
    "token": "login_JlgCmT47JWdMYtJq",
    "created_at": "2018-03-23T15:35:25.255Z",
    "updated_at": "2018-03-23T15:35:25.255Z",
    "disabled": false,
    "storytime": null,
    "metadata": null,
    "user": 6,
    "survey_response": null,
    "password": "Jw9dbsvoD7Y7",
    "last_login": null,
    "num_logins": 0
  }
},
{
  "model": "messaging.email",
  "pk": 1,
  "fields": {
    "token": "email_zTei0uV756rYzzLA",
    "created_at": "2018-03-22T07:24:53.483Z",
    "updated_at": "2018-03-22T07:24:53.676Z",
    "disabled": false,
    "storytime": null,
    "metadata": null,
    "state": "success",
    "user": 2,
    "processed_at": "2018-03-22T07:24:53.676Z",
    "template": "messaging/hm_invite.html",
    "context": {
      "subject": "Welcome to Frontier Signal"
    }
  }
},
{
  "model": "survey.job",
  "pk": 1,
  "fields": {
    "token": "job_By8FKsUX4hq0uQjf",
    "created_at": "2018-03-22T09:58:15.867Z",
    "updated_at": "2018-03-22T09:58:15.867Z",
    "disabled": false,
    "storytime": "",
    "metadata": null,
    "city": null,
    "state": null,
    "country": "",
    "company": 1,
    "type": "intern",
    "level": "mid",
    "status": "open",
    "title": "Test Job",
    "description": "",
    "hard_skills": {},
    "soft_skills": {},
    "hiring_managers": [
      2
    ]
  }
},
{
  "model": "survey.surveyresponse",
  "pk": 3,
  "fields": {
    "token": "survey_resp_mDbYfwvDtwLx0Rb0",
    "created_at": "2018-03-23T09:18:39.683Z",
    "updated_at": "2018-03-23T09:18:39.683Z",
    "disabled": false,
    "storytime": "",
    "metadata": null,
    "state": "pending",
    "survey": 3,
    "user": 2
  }
},
{
  "model": "survey.surveyinvitation",
  "pk": 1,
  "fields": {
    "token": "survey_invite_B7AYviPcERPyER2N",
    "created_at": "2018-03-22T10:04:32.624Z",
    "updated_at": "2018-03-22T10:04:32.647Z",
    "disabled": false,
    "storytime": null,
    "metadata": null,
    "state": "in_progress",
    "hiring_manager": 2,
    "survey": 2,
    "type": "applicant",
    "emails": "[\"dap@gmail.com\"]"
  }
},
{
  "model": "survey.surveyinvitation",
  "pk": 2,
  "fields": {
    "token": "survey_invite_KgDyFEO0A5r9aLE0",
    "created_at": "2018-03-22T10:05:02.711Z",
    "updated_at": "2018-03-22T10:05:02.744Z",
    "disabled": false,
    "storytime": null,
    "metadata": null,
    "state": "success",
    "hiring_manager": 2,
    "survey": 1,
    "type": "exemplar",
    "emails": "[\"dap@gmail.com\"]"
  }
},
{
  "model": "survey.surveyinvitation",
  "pk": 3,
  "fields": {
    "token": "survey_invite_OlQybPuL73PeGsKP",
    "created_at": "2018-03-22T10:05:24.573Z",
    "updated_at": "2018-03-22T10:05:24.587Z",
    "disabled": false,
    "storytime": null,
    "metadata": null,
    "state": "in_progress",
    "hiring_manager": 2,
    "survey": 2,
    "type": "applicant",
    "emails": "[\"zxc@gmail.com\"]"
  }
},
{
  "model": "admin.logentry",
  "pk": 1,
  "fields": {
    "action_time": "2018-03-22T07:24:50.143Z",
    "user": 1,
    "content_type": 13,
    "object_id": "2",
    "object_repr": "<User: omar@ngineered.nyc [hiring_manager]>",
    "action_flag": 1,
    "change_message": "[{\"added\": {}}]"
  }
},
{
  "model": "admin.logentry",
  "pk": 2,
  "fields": {
    "action_time": "2018-03-22T08:50:04.669Z",
    "user": 1,
    "content_type": 21,
    "object_id": "1",
    "object_repr": "<QuestionTemplate: question_tmpl_5pbEaNbvAv7qd3wm>",
    "action_flag": 1,
    "change_message": "[{\"added\": {}}]"
  }
},
{
  "model": "admin.logentry",
  "pk": 3,
  "fields": {
    "action_time": "2018-03-22T08:55:08.240Z",
    "user": 1,
    "content_type": 21,
    "object_id": "2",
    "object_repr": "<QuestionTemplate: question_tmpl_dwPJGHzyki3Ju67B>",
    "action_flag": 1,
    "change_message": "[{\"added\": {}}]"
  }
},
{
  "model": "admin.logentry",
  "pk": 4,
  "fields": {
    "action_time": "2018-03-22T09:00:52.977Z",
    "user": 1,
    "content_type": 21,
    "object_id": "3",
    "object_repr": "<QuestionTemplate: question_tmpl_aa7sGUsodi3e2BNN>",
    "action_flag": 1,
    "change_message": "[{\"added\": {}}]"
  }
},
{
  "model": "admin.logentry",
  "pk": 5,
  "fields": {
    "action_time": "2018-03-22T09:04:21.352Z",
    "user": 1,
    "content_type": 21,
    "object_id": "4",
    "object_repr": "<QuestionTemplate: question_tmpl_AQHyFL9PXVXDhRFT>",
    "action_flag": 1,
    "change_message": "[{\"added\": {}}]"
  }
},
{
  "model": "admin.logentry",
  "pk": 6,
  "fields": {
    "action_time": "2018-03-22T09:06:53.525Z",
    "user": 1,
    "content_type": 21,
    "object_id": "5",
    "object_repr": "<QuestionTemplate: question_tmpl_ESE1HVuluntifKiT>",
    "action_flag": 1,
    "change_message": "[{\"added\": {}}]"
  }
},
{
  "model": "admin.logentry",
  "pk": 7,
  "fields": {
    "action_time": "2018-03-22T09:09:45.150Z",
    "user": 1,
    "content_type": 21,
    "object_id": "6",
    "object_repr": "<QuestionTemplate: question_tmpl_MPTHb6IxUQqWQ4BQ>",
    "action_flag": 1,
    "change_message": "[{\"added\": {}}]"
  }
},
{
  "model": "admin.logentry",
  "pk": 8,
  "fields": {
    "action_time": "2018-03-22T09:17:19.355Z",
    "user": 1,
    "content_type": 21,
    "object_id": "7",
    "object_repr": "<QuestionTemplate: question_tmpl_HZYkyTrSZvJKTzQV>",
    "action_flag": 1,
    "change_message": "[{\"added\": {}}]"
  }
},
{
  "model": "admin.logentry",
  "pk": 9,
  "fields": {
    "action_time": "2018-03-22T09:22:18.726Z",
    "user": 1,
    "content_type": 21,
    "object_id": "8",
    "object_repr": "<QuestionTemplate: question_tmpl_2L6SLhhRVwULaPde>",
    "action_flag": 1,
    "change_message": "[{\"added\": {}}]"
  }
},
{
  "model": "admin.logentry",
  "pk": 10,
  "fields": {
    "action_time": "2018-03-22T09:27:34.639Z",
    "user": 1,
    "content_type": 21,
    "object_id": "9",
    "object_repr": "<QuestionTemplate: question_tmpl_zGk5fVq5Svcn6mR2>",
    "action_flag": 1,
    "change_message": "[{\"added\": {}}]"
  }
},
{
  "model": "admin.logentry",
  "pk": 11,
  "fields": {
    "action_time": "2018-03-22T09:30:25.893Z",
    "user": 1,
    "content_type": 21,
    "object_id": "10",
    "object_repr": "<QuestionTemplate: question_tmpl_IqgOk9DuOKBaDwwD>",
    "action_flag": 1,
    "change_message": "[{\"added\": {}}]"
  }
},
{
  "model": "admin.logentry",
  "pk": 12,
  "fields": {
    "action_time": "2018-03-22T09:34:41.391Z",
    "user": 1,
    "content_type": 21,
    "object_id": "11",
    "object_repr": "<QuestionTemplate: question_tmpl_Ac8VFjHpEVNoIIlP>",
    "action_flag": 1,
    "change_message": "[{\"added\": {}}]"
  }
},
{
  "model": "admin.logentry",
  "pk": 13,
  "fields": {
    "action_time": "2018-03-22T09:37:28.257Z",
    "user": 1,
    "content_type": 21,
    "object_id": "12",
    "object_repr": "<QuestionTemplate: question_tmpl_Et2Mp6Du2CZzibvg>",
    "action_flag": 1,
    "change_message": "[{\"added\": {}}]"
  }
},
{
  "model": "admin.logentry",
  "pk": 14,
  "fields": {
    "action_time": "2018-03-22T09:47:52.898Z",
    "user": 1,
    "content_type": 21,
    "object_id": "13",
    "object_repr": "<QuestionTemplate: question_tmpl_lbkAFfLVmJsI2xl4>",
    "action_flag": 1,
    "change_message": "[{\"added\": {}}]"
  }
},
{
  "model": "admin.logentry",
  "pk": 15,
  "fields": {
    "action_time": "2018-03-22T09:49:54.270Z",
    "user": 1,
    "content_type": 21,
    "object_id": "14",
    "object_repr": "<QuestionTemplate: question_tmpl_tQx43vKdDH1DihS6>",
    "action_flag": 1,
    "change_message": "[{\"added\": {}}]"
  }
},
{
  "model": "admin.logentry",
  "pk": 16,
  "fields": {
    "action_time": "2018-03-22T09:52:03.498Z",
    "user": 1,
    "content_type": 21,
    "object_id": "15",
    "object_repr": "<QuestionTemplate: question_tmpl_Qlq33AUe1qmFue3U>",
    "action_flag": 1,
    "change_message": "[{\"added\": {}}]"
  }
},
{
  "model": "admin.logentry",
  "pk": 17,
  "fields": {
    "action_time": "2018-03-22T09:57:44.857Z",
    "user": 1,
    "content_type": 10,
    "object_id": "1",
    "object_repr": "<Company: company_99SxmrMvDOmSkGB7>",
    "action_flag": 1,
    "change_message": "[{\"added\": {}}]"
  }
},
{
  "model": "admin.logentry",
  "pk": 18,
  "fields": {
    "action_time": "2018-03-22T09:58:15.879Z",
    "user": 1,
    "content_type": 18,
    "object_id": "1",
    "object_repr": "<Job: job_By8FKsUX4hq0uQjf>",
    "action_flag": 1,
    "change_message": "[{\"added\": {}}]"
  }
},
{
  "model": "admin.logentry",
  "pk": 19,
  "fields": {
    "action_time": "2018-03-22T09:59:45.113Z",
    "user": 1,
    "content_type": 21,
    "object_id": "16",
    "object_repr": "<QuestionTemplate: question_tmpl_L0DNt5WmSxgdctB5>",
    "action_flag": 1,
    "change_message": "[{\"added\": {}}]"
  }
},
{
  "model": "admin.logentry",
  "pk": 20,
  "fields": {
    "action_time": "2018-03-22T10:00:44.996Z",
    "user": 1,
    "content_type": 15,
    "object_id": "1",
    "object_repr": "<Survey: survey_c37Qv0jXDtW4NaI9>",
    "action_flag": 1,
    "change_message": "[{\"added\": {}}]"
  }
},
{
  "model": "admin.logentry",
  "pk": 21,
  "fields": {
    "action_time": "2018-03-22T10:01:04.191Z",
    "user": 1,
    "content_type": 15,
    "object_id": "2",
    "object_repr": "<Survey: survey_2JdtF6pIk8EI6hRW>",
    "action_flag": 1,
    "change_message": "[{\"added\": {}}]"
  }
},
{
  "model": "admin.logentry",
  "pk": 22,
  "fields": {
    "action_time": "2018-03-22T10:08:24.717Z",
    "user": 1,
    "content_type": 9,
    "object_id": "5",
    "object_repr": "<LoginLink: login_z2XKyvLPcik1eNn6>",
    "action_flag": 3,
    "change_message": ""
  }
},
{
  "model": "admin.logentry",
  "pk": 23,
  "fields": {
    "action_time": "2018-03-22T10:08:24.724Z",
    "user": 1,
    "content_type": 9,
    "object_id": "4",
    "object_repr": "<LoginLink: login_pr6KBPnfKc5uEo3P>",
    "action_flag": 3,
    "change_message": ""
  }
},
{
  "model": "admin.logentry",
  "pk": 24,
  "fields": {
    "action_time": "2018-03-22T10:08:24.730Z",
    "user": 1,
    "content_type": 9,
    "object_id": "3",
    "object_repr": "<LoginLink: login_Eb2iStQGoDkND4P5>",
    "action_flag": 3,
    "change_message": ""
  }
},
{
  "model": "admin.logentry",
  "pk": 25,
  "fields": {
    "action_time": "2018-03-22T10:08:24.736Z",
    "user": 1,
    "content_type": 9,
    "object_id": "2",
    "object_repr": "<LoginLink: login_g3B6xTpzSDhIkPXR>",
    "action_flag": 3,
    "change_message": ""
  }
},
{
  "model": "admin.logentry",
  "pk": 26,
  "fields": {
    "action_time": "2018-03-22T23:00:47.780Z",
    "user": 1,
    "content_type": 21,
    "object_id": "17",
    "object_repr": "<QuestionTemplate: question_tmpl_hme6rSnooPw8mEgi>",
    "action_flag": 1,
    "change_message": "[{\"added\": {}}]"
  }
},
{
  "model": "admin.logentry",
  "pk": 27,
  "fields": {
    "action_time": "2018-03-22T23:15:28.385Z",
    "user": 1,
    "content_type": 21,
    "object_id": "18",
    "object_repr": "<QuestionTemplate: question_tmpl_K9dkjMnAWffTvjYC>",
    "action_flag": 1,
    "change_message": "[{\"added\": {}}]"
  }
},
{
  "model": "admin.logentry",
  "pk": 28,
  "fields": {
    "action_time": "2018-03-22T23:18:44.348Z",
    "user": 1,
    "content_type": 21,
    "object_id": "19",
    "object_repr": "<QuestionTemplate: question_tmpl_AcNLf0YDYoFFCqMi>",
    "action_flag": 1,
    "change_message": "[{\"added\": {}}]"
  }
},
{
  "model": "admin.logentry",
  "pk": 29,
  "fields": {
    "action_time": "2018-03-22T23:26:36.320Z",
    "user": 1,
    "content_type": 21,
    "object_id": "20",
    "object_repr": "<QuestionTemplate: question_tmpl_c4aXb3lbKM4uaYR2>",
    "action_flag": 1,
    "change_message": "[{\"added\": {}}]"
  }
},
{
  "model": "admin.logentry",
  "pk": 30,
  "fields": {
    "action_time": "2018-03-22T23:30:59.484Z",
    "user": 1,
    "content_type": 21,
    "object_id": "21",
    "object_repr": "<QuestionTemplate: question_tmpl_7E2ni1E26NyOCD5H>",
    "action_flag": 1,
    "change_message": "[{\"added\": {}}]"
  }
},
{
  "model": "admin.logentry",
  "pk": 31,
  "fields": {
    "action_time": "2018-03-22T23:37:18.795Z",
    "user": 1,
    "content_type": 21,
    "object_id": "22",
    "object_repr": "<QuestionTemplate: question_tmpl_p5pT7sSk2V6FY6Gf>",
    "action_flag": 1,
    "change_message": "[{\"added\": {}}]"
  }
},
{
  "model": "admin.logentry",
  "pk": 32,
  "fields": {
    "action_time": "2018-03-22T23:39:49.117Z",
    "user": 1,
    "content_type": 21,
    "object_id": "23",
    "object_repr": "<QuestionTemplate: question_tmpl_tdghBeSitDowzEtJ>",
    "action_flag": 1,
    "change_message": "[{\"added\": {}}]"
  }
},
{
  "model": "admin.logentry",
  "pk": 33,
  "fields": {
    "action_time": "2018-03-22T23:44:48.252Z",
    "user": 1,
    "content_type": 21,
    "object_id": "24",
    "object_repr": "<QuestionTemplate: question_tmpl_TggmKPwPPkp5RHjm>",
    "action_flag": 1,
    "change_message": "[{\"added\": {}}]"
  }
},
{
  "model": "admin.logentry",
  "pk": 34,
  "fields": {
    "action_time": "2018-03-22T23:48:20.372Z",
    "user": 1,
    "content_type": 21,
    "object_id": "25",
    "object_repr": "<QuestionTemplate: question_tmpl_YfO3BrQ6mJVp6APJ>",
    "action_flag": 1,
    "change_message": "[{\"added\": {}}]"
  }
},
{
  "model": "admin.logentry",
  "pk": 35,
  "fields": {
    "action_time": "2018-03-22T23:50:21.559Z",
    "user": 1,
    "content_type": 21,
    "object_id": "26",
    "object_repr": "<QuestionTemplate: question_tmpl_vs2S5DB0mztOF3A0>",
    "action_flag": 1,
    "change_message": "[{\"added\": {}}]"
  }
},
{
  "model": "admin.logentry",
  "pk": 36,
  "fields": {
    "action_time": "2018-03-22T23:50:47.750Z",
    "user": 1,
    "content_type": 21,
    "object_id": "27",
    "object_repr": "<QuestionTemplate: question_tmpl_parxDnY3hTEWCyFE>",
    "action_flag": 1,
    "change_message": "[{\"added\": {}}]"
  }
},
{
  "model": "admin.logentry",
  "pk": 37,
  "fields": {
    "action_time": "2018-03-22T23:51:10.304Z",
    "user": 1,
    "content_type": 21,
    "object_id": "28",
    "object_repr": "<QuestionTemplate: question_tmpl_e0cxy7D4oANmAfN0>",
    "action_flag": 1,
    "change_message": "[{\"added\": {}}]"
  }
},
{
  "model": "admin.logentry",
  "pk": 38,
  "fields": {
    "action_time": "2018-03-22T23:51:40.740Z",
    "user": 1,
    "content_type": 21,
    "object_id": "29",
    "object_repr": "<QuestionTemplate: question_tmpl_T6VXuE1hNSfYctX3>",
    "action_flag": 1,
    "change_message": "[{\"added\": {}}]"
  }
},
{
  "model": "admin.logentry",
  "pk": 39,
  "fields": {
    "action_time": "2018-03-23T09:11:46.794Z",
    "user": 1,
    "content_type": 15,
    "object_id": "3",
    "object_repr": "<Survey: survey_mofqthCtgMWmI9Gy>",
    "action_flag": 1,
    "change_message": "[{\"added\": {}}]"
  }
},
{
  "model": "admin.logentry",
  "pk": 40,
  "fields": {
    "action_time": "2018-03-23T09:18:39.685Z",
    "user": 1,
    "content_type": 20,
    "object_id": "3",
    "object_repr": "<SurveyResponse: survey_resp_mDbYfwvDtwLx0Rb0>",
    "action_flag": 1,
    "change_message": "[{\"added\": {}}]"
  }
},
{
  "model": "admin.logentry",
  "pk": 41,
  "fields": {
    "action_time": "2018-03-23T09:18:48.273Z",
    "user": 1,
    "content_type": 20,
    "object_id": "2",
    "object_repr": "<SurveyResponse: survey_resp_sURO8V8BK7a5w0We>",
    "action_flag": 3,
    "change_message": ""
  }
},
{
  "model": "admin.logentry",
  "pk": 42,
  "fields": {
    "action_time": "2018-03-23T09:18:48.279Z",
    "user": 1,
    "content_type": 20,
    "object_id": "1",
    "object_repr": "<SurveyResponse: survey_resp_sUMSE8CiZoNmUart>",
    "action_flag": 3,
    "change_message": ""
  }
},
{
  "model": "admin.logentry",
  "pk": 43,
  "fields": {
    "action_time": "2018-03-23T09:19:18.798Z",
    "user": 1,
    "content_type": 9,
    "object_id": "6",
    "object_repr": "<LoginLink: login_lc8aJYLg422ZK5R3>",
    "action_flag": 1,
    "change_message": "[{\"added\": {}}]"
  }
},
{
  "model": "admin.logentry",
  "pk": 44,
  "fields": {
    "action_time": "2018-03-23T15:30:21.466Z",
    "user": 1,
    "content_type": 11,
    "object_id": "5",
    "object_repr": "<User: admin@frontier.com [administrator]>",
    "action_flag": 1,
    "change_message": "[{\"added\": {}}]"
  }
},
{
  "model": "admin.logentry",
  "pk": 45,
  "fields": {
    "action_time": "2018-03-23T15:33:35.322Z",
    "user": 1,
    "content_type": 11,
    "object_id": "5",
    "object_repr": "<User: admin@frontier.com [administrator]>",
    "action_flag": 3,
    "change_message": ""
  }
},
{
  "model": "admin.logentry",
  "pk": 46,
  "fields": {
    "action_time": "2018-03-23T15:35:25.259Z",
    "user": 1,
    "content_type": 11,
    "object_id": "6",
    "object_repr": "<User: admin@frontier.com [administrator]>",
    "action_flag": 2,
    "change_message": "[{\"changed\": {\"fields\": [\"username\"]}}]"
  }
}
]
